datasets,algorithm,accuracy,f1,precision,recall,roc_auc,ASR
pcap,lr,0.8464874241110147,0.3789473684210526,1.0,0.23376623376623376,0.616883,76.62337662337663
