datasets,algorithm,accuracy,f1,precision,recall,roc_auc,ASR
ctu13,dt,0.9968043825610591,0.9970263381478335,0.9982985963419821,0.9957573186253712,0.996891,0.42426813746287984
