datasets,algorithm,accuracy,f1,precision,recall,roc_auc,ASR
natops,rnn_torch,0.6666666666666666,0.6666666666666666,0.6666666666666666,0.6666666666666666,0,33.333333333333336
