datasets,algorithm,accuracy,f1,precision,recall,roc_auc
cicandmal2017,mlp_torch,0.7669122572002679,0.868081880212282,0.7669122572002679,1.0,0.5
cicandmal2017,xgboost,0.8246818486269256,0.893239522789844,0.8379567629615459,0.9563318777292577,0.6739274331175024
cicandmal2017,soft_ensemble,0.8089417280643001,0.8883233825976314,0.8050381408550648,0.990829694323144,0.6006591000351352
