datasets,algorithm,accuracy,f1,precision,recall,roc_auc
cicandmal2017,lr,0.551810759891145,0.709458542543086,0.706581970536559,0.712358631966208,0.3661115958928105
