datasets,algorithm,accuracy,f1,precision,recall,roc_auc
cicandmal2017,lr,0.7431442327820807,0.8518652662078956,0.7647122575051479,0.961438888131898,0.49065172397565554
