datasets,algorithm,accuracy,f1,precision,recall,roc_auc
breast_cancer_zhs,lr,0.956140350877193,0.9659863945578231,0.9466666666666667,0.9861111111111112,0.945436507936508
