datasets,algorithm,accuracy,f1,precision,recall,roc_auc
breast_cancer_zhs,lr,0.9649122807017544,0.972972972972973,0.9473684210526315,1.0,0.9523809523809523
