datasets,algorithm,accuracy,f1,precision,recall,roc_auc,ASR
breast_cancer_zhs,lr_torch,0.3201754385964912,0.037267080745341616,0.23076923076923078,0.02027027027027027,0.447635,97.97297297297297
