datasets,algorithm,accuracy,f1,precision,recall,roc_auc
breast_cancer_zhs,lr,0.7631578947368421,0.7804878048780487,0.9411764705882353,0.6666666666666666,0.7976190476190476
