datasets,algorithm,accuracy,f1,precision,recall,roc_auc
breast_cancer_zhs,lr,0.5964912280701754,0.5576923076923077,0.90625,0.4027777777777778,0.6656746031746031
