datasets,algorithm,accuracy,f1,precision,recall,roc_auc
breast_cancer_zhs,lr,0.3508771929824561,0.02631578947368421,0.25,0.013888888888888888,0.4712301587301587
