datasets,algorithm,accuracy,f1,precision,recall,roc_auc
breast_cancer_zhs,lr,0.9385964912280702,0.9536423841059603,0.9113924050632911,1.0,0.9166666666666667
