datasets,algorithm,accuracy,f1,precision,recall,roc_auc
breast_cancer_zhs,lr,0.9298245614035088,0.9466666666666667,0.9102564102564102,0.9861111111111112,0.9097222222222223
