datasets,algorithm,accuracy,f1,precision,recall,roc_auc,ASR
breast_cancer_zhs,lr,0.9692982456140351,0.9765886287625419,0.9668874172185431,0.9864864864864865,0.961993,1.3513513513513487
