datasets,algorithm,accuracy,f1,precision,recall,roc_auc
breast_cancer_zhs,lr,0.8596491228070176,0.8805970149253732,0.9516129032258065,0.8194444444444444,0.8740079365079365
