datasets,algorithm,accuracy,f1,precision,recall,roc_auc
breast_cancer_zhs,lr,0.9035087719298246,0.9230769230769231,0.9295774647887324,0.9166666666666666,0.8988095238095237
