datasets,algorithm,accuracy,f1,precision,recall,roc_auc
breast_cancer_zhs,lr,0.956140350877193,0.9655172413793104,0.958904109589041,0.9722222222222222,0.9503968253968255
