datasets,algorithm,accuracy,f1,precision,recall,roc_auc
breast_cancer_zhs,rf,0.5087719298245614,0.391304347826087,0.9,0.25,0.6011904761904762
