datasets,algorithm,accuracy,f1,precision,recall,roc_auc
breast_cancer_zhs,rf,0.9473684210526315,0.9594594594594595,0.9342105263157895,0.9861111111111112,0.933531746031746
