datasets,algorithm,accuracy,f1,precision,recall,roc_auc
breast_cancer_zhs,rf,0.956140350877193,0.9664429530201343,0.935064935064935,1.0,0.9404761904761905
