datasets,algorithm,accuracy,f1,precision,recall,roc_auc,ASR
malimg,lr,0.22644539614561027,0.004135079255685735,0.017341040462427744,0.002347417840375587,0.3571059123100183,99.76525821596243
