datasets,algorithm,accuracy,f1,precision,recall,roc_auc,ASR
malimg,lr,0.828693790149893,0.875776397515528,0.8690292758089369,0.8826291079812206,0.7972467573804407,11.737089201877938
