datasets,algorithm,accuracy,f1,precision,recall,roc_auc,ASR
iris_zhs,lr,0.75,0.7058823529411765,0.7058823529411765,0.7058823529411765,0.744246,29.411764705882348
