datasets,algorithm,accuracy,f1,precision,recall,roc_auc
iris_zhs,soft_ensemble,0.55,0.47058823529411764,0.5714285714285714,0.4,0.5499999999999999
