datasets,algorithm,accuracy,f1,precision,recall,roc_auc,ASR
iris_zhs,lr,0.85,0.8421052631578947,0.7619047619047619,0.9411764705882353,0.861893,5.882352941176472
