{"Loss": 0.7566324472427368, "_timestamp": 1664688106.9806159, "_runtime": 10.149703741073608, "_step": 199, "Test_accracy": 0.4000000059604645, "_wandb": {"runtime": 20}}