{"Loss": 0.010758806020021439, "_timestamp": 1664622786.86015, "_runtime": 19.215679168701172, "_step": 999, "Test_accracy": 0.9931507110595703, "_wandb": {"runtime": 25}}