datasets,algorithm,accuracy,f1,precision,recall,roc_auc,ASR
nslkdd,rf,0.716041167598261,0.6754879594423321,0.9664877411867111,0.5191708229426434,0.74769,48.08291770573566
