datasets,algorithm,accuracy,f1,precision,recall,roc_auc,ASR
twitter_spam,lr,0.8086868345445327,0.7939570440480525,0.7562413314840499,0.835632183908046,0.8115264034145613,16.436781609195407
