datasets,algorithm,accuracy,f1,precision,recall,roc_auc,ASR
twitter_spam,lr,0.8458678384316377,0.8500493258796449,0.7445276497695853,0.9904214559386973,0.8611012631976525,0.9578544061302652
