datasets,algorithm,accuracy,f1,precision,recall,roc_auc,ASR
twitter_spam,lr,0.8311644414399189,0.8293766011955593,0.7482280431432974,0.9302681992337165,0.8416082453682946,6.973180076628349
