datasets,algorithm,accuracy,f1,precision,recall,roc_auc,ASR
twitter_spam,lr,0.8094634558512885,0.8046773495019489,0.7414205905826018,0.8797348484848485,0.816298,12.026515151515149
