{"Loss": 0.31326165795326233, "_timestamp": 1664622677.311347, "_runtime": 26.260898113250732, "_step": 999, "Test_accracy": 0.9983333349227905, "_wandb": {"runtime": 33}}