{"Loss": 0.20866838097572327, "_timestamp": 1664611422.878458, "_runtime": 8.58553409576416, "_step": 99, "_wandb": {"runtime": 15}}