datasets,algorithm,accuracy,f1,precision,recall,roc_auc,ASR
anomaly,if,0.8439716312056738,0.7924528301886793,0.7924528301886793,0.7924528301886793,0.833726,20.75471698113207
