datasets,algorithm,accuracy,f1,precision,recall,roc_auc,ASR
anomaly,kitnet,0.8794326241134752,0.8131868131868132,0.9736842105263158,0.6981132075471698,0.843375,30.188679245283023
