datasets,algorithm,accuracy,f1,precision,recall,roc_auc
blob,lr,0.9133333333333333,0.9207317073170732,0.8579545454545454,0.993421052631579,0.9122510668563302
