datasets,algorithm,accuracy,f1,precision,recall,roc_auc
blob,lr,0.9166666666666666,0.9240121580547112,0.8587570621468926,1.0,0.9155405405405406
