datasets,algorithm,accuracy,f1,precision,recall,roc_auc,ASR
blob,rf,0.685,0.5333333333333333,0.972972972972973,0.3673469387755102,0.678772,63.26530612244898
