datasets,algorithm,accuracy,f1,precision,recall,roc_auc,ASR
blob,lr,0.99,0.9893617021276596,0.9893617021276596,0.9893617021276596,0.989964,1.0638297872340385
