datasets,algorithm,accuracy,f1,precision,recall,roc_auc,ASR
china_town,rnn_torch,0.9794520547945206,0.9852216748768472,0.9900990099009901,0.9803921568627451,0.978832,1.9607843137254943
