datasets,algorithm,accuracy,f1,precision,recall,detection_rate
breast_cancer,svm,0.9692982456140351,0.9759450171821306,0.9594594594594594,0.993006993006993,0.993006993006993
