{"Loss": 0.3140767216682434, "_timestamp": 1664622546.605103, "_runtime": 8.515101909637451, "_step": 99, "Test_accracy": 0.9916666746139526, "_wandb": {"runtime": 17}}