datasets,algorithm,accuracy,f1,precision,recall,roc_auc,ASR
cicids2018,lr,0.9989373459151577,0.9989247774289278,0.9978518645815432,1.0,0.998951,0.0
