datasets,algorithm,accuracy,f1,precision,recall,roc_auc
cicids2018,lr,0.8984527756524696,0.8882025363844823,0.9727347273472735,0.8171876345474899,0.8974295429515758
cicids2018,dt,0.9999149876732126,0.999913897020837,0.9998278088678433,1.0,0.9999160580878033
cicids2018,rf,0.9999574938366063,0.9999569466569078,0.9999138970208369,1.0,0.9999580290439016
