datasets,algorithm,accuracy,f1,precision,recall,roc_auc,ASR
wfa,knn,0.23105263157894737,0.23105263157894737,0.23105263157894737,0.23105263157894737,0,76.89473684210526
