datasets,algorithm,accuracy,f1,precision,recall,roc_auc,ASR
ctu13_spl,lr,0.9516531815003496,0.6857142857142857,0.8964346349745331,0.555205047318612,0.774236,44.479495268138805
