{"Loss": 0.4856724739074707, "_timestamp": 1664622890.125427, "_runtime": 21.22368311882019, "_step": 999, "Test_accracy": 0.46666666865348816, "_wandb": {"runtime": 25}}