datasets,algorithm,accuracy,f1,precision,recall,roc_auc,ASR
donut,lr,0.57,0.5413333333333332,0.58,0.5075,0.5700000000000001,49.25000000000001
