datasets,algorithm,accuracy,f1,precision,recall,roc_auc,ASR
brca,lr,0.7860262008733624,0.7860262008733625,0.7860262008733624,0.7860262008733624,0,21.397379912663762
