{"Loss": 0.9051700234413147, "_timestamp": 1664611514.379166, "_runtime": 9.545127868652344, "_step": 149, "_wandb": {"runtime": 20}}