{"Loss": 0.8297697305679321, "_timestamp": 1664688187.526697, "_runtime": 12.863282918930054, "_step": 199, "Test_accracy": 0.7360594868659973, "_wandb": {"runtime": 17}}