{"Loss": 0.20866838097572327, "_timestamp": 1664611307.081714, "_runtime": 7.244504928588867, "_step": 99, "_wandb": {"runtime": 15}}