{"Loss": 0.7566324472427368, "_timestamp": 1665906264.9635122, "_runtime": 10.257578134536743, "_step": 199, "Test_accracy": 0.4000000059604645, "_wandb": {"runtime": 15}}