datasets,algorithm,accuracy,f1,precision,recall,roc_auc,ASR
cicids2017,mlp_torch,0.9282589676290464,0.9033018867924529,0.8308026030368764,0.9896640826873385,0.9432447397563677,1.033591731266148
