datasets,algorithm,accuracy,f1,precision,recall,roc_auc,ASR
cicids2017,lr,0.7207833228048011,0.6891701828410689,0.7526881720430108,0.6355382619974059,0.718631,36.44617380025941
