datasets,algorithm,accuracy,f1,precision,recall,roc_auc
cicids2017,mlp_torch,0.6281714785651793,0.004683840749414521,0.025,0.002583979328165375,0.4754983388704319
