datasets,algorithm,accuracy,f1,precision,recall,roc_auc,ASR
cicids2017,mlp_torch,0.897662665824384,0.9038004750593823,0.8335158817086528,0.9870298313878081,0.899919,1.2970168612191912
