{"Loss": 0.9051700234413147, "_timestamp": 1664611643.136065, "_runtime": 9.890247106552124, "_step": 49, "_wandb": {"runtime": 13}}