{"Loss": 0.20866838097572327, "_timestamp": 1664611722.9553301, "_runtime": 8.213786125183105, "_step": 49, "_wandb": {"runtime": 14}}